{"cameraMode":{"drawMode":0,"name":"Shaded","section":"Shading Mode"},"sceneLighting":true,"audioPlay":false,"sceneViewState":{"showFog":true,"showMaterialUpdate":true,"showSkybox":false,"showFlares":true,"showImageEffects":true,"showParticleSystems":true},"in2DMode":false,"pivot":{"x":10.011994361877442,"y":18.7702693939209,"z":235.66925048828126},"rotation":{"x":-0.09904251992702484,"y":-0.04566032811999321,"z":0.004549602512270212,"w":-0.9940270185470581},"size":28.772424697875978,"orthographic":false}